,author,title,description,url,urlToImage,publishedAt,content,source.id,source.name
0,Jabin Bastian,"Sportsman's Warehouse (NASDAQ:SPWH) Beats Expectations in Strong Q4, Stock Jumps 58.6%","Outdoor specialty retailer Sportsman's Warehouse (NASDAQ:SPWH) reported revenue ahead of Wall Street’s expectations in Q4 CY2024, but sales fell by 8.1% year...",https://finance.yahoo.com/news/sportsmans-warehouse-nasdaq-spwh-beats-201537985.html,https://s.yimg.com/ny/api/res/1.2/Cg7wyeuh8j4eMSESRk3cXg--/YXBwaWQ9aGlnaGxhbmRlcjt3PTEyMDA7aD02MDA-/https://media.zenfs.com/en/stockstory_922/1bfb93b634344552b115ade806e66a5d,2025-04-01T20:15:37Z,"Sportsman's Warehouse (NASDAQ:SPWH) Beats Expectations in Strong Q4, Stock Jumps 58.6%
Outdoor specialty retailer Sportsman's Warehouse (NASDAQ:SPWH) reported revenue ahead of Wall Streets expectati… [+5067 chars]",,Yahoo Entertainment
1,James Mickleboro,S&P 500 and Nasdaq post worst quarter since 2022. Time to buy NDQ on sale?,"Let's find out whether now is the time to jump on this popular fund.
The post S&P 500 and Nasdaq post worst quarter since 2022. Time to buy NDQ on sale? appeared first on The Motley Fool Australia.",https://www.fool.com.au/?p=1779980,https://www.fool.com.au/wp-content/uploads/2023/09/wall-street--1200x675.jpg,2025-04-01T20:03:00Z,"It certainly was a bruising quarter for Wall Street.
U.S. stocks have stumbled hard and nowhere has the pain been felt more than in the tech-heavy Nasdaq Composite. A sharp selloff, driven by renewe… [+2494 chars]",,Motley Fool Australia
2,"Max (Chong) Li, Contributor, 
 Max (Chong) Li, Contributor
 https://www.forbes.com/sites/maxli/",DeepSeek’s Child Prodigy Paradox: When Knowledge Outpaces Judgment,"That was DeepSeek when we put it to the test, a brilliant machine, but one that could not recognize human deception, malice, or the ethical weight behind specific request",https://www.forbes.com/sites/digital-assets/2025/04/01/deepseeks-child-prodigy-paradox-when-knowledge-outpaces-judgment/,https://imageio.forbes.com/specials-images/imageserve/67ec41547232dfb61a949818/0x0.jpg?format=jpg&height=900&width=1600&fit=bounds,2025-04-01T19:58:58Z,"Global tech stocks have plummeted following the emergence of DeepSeek, a Chinese AI startup that has ... More developed a competitive AI model at a fraction of the cost of its US rivals, sparking con… [+5455 chars]",,Forbes
3,"Derek Saul, Forbes Staff, 
 Derek Saul, Forbes Staff
 https://www.forbes.com/sites/dereksaul/",Forbes Recession Tracker: Recession Odds Spike As Trump’s Tariff ‘Liberation Day’ Approaches,Economists are increasingly concerned Trump's aggressive tariffs could send the U.S. into a recession.,https://www.forbes.com/sites/dereksaul/2025/04/01/forbes-recession-tracker-recession-odds-spike-as-trumps-tariff-liberation-day-approaches/,"https://imageio.forbes.com/specials-images/imageserve/67ea8b9eddb6c171bd36b99d/0x0.jpg?format=jpg&crop=826,464,x222,y324,safe&height=900&width=1600&fit=bounds",2025-04-01T19:57:32Z,"Several economists warn the Trump administration may tip the U.S. into an unnecessary recession, as President Donald Trump and his top economic officials refuse to rule out a recession, rattling Wall… [+8121 chars]",,Forbes
4,Vinh Nguyen,LLM Benchmarking: Fundamental Concepts,"The past few years have witnessed the rise in popularity of generative AI and large language models (LLMs), as part of a broad AI revolution. As LLM-based applications are rolled out across…",https://developer.nvidia.com/blog/llm-benchmarking-fundamental-concepts/,https://developer-blogs.nvidia.com/wp-content/uploads/2025/03/data-center.png,2025-04-01T19:55:02Z,"The past few years have witnessed the rise in popularity of generative AI and large language models (LLMs), as part of a broad AI revolution. As LLM-based applications are rolled out across enterpris… [+15964 chars]",,Nvidia.com
5,Taras Buria,Surface Book 3 is no longer supported,April 1st is not a fun day for Surface Book 3 owners. This unique computer from Microsoft has reached the end of its lifecycle. Read more...,https://www.neowin.net/news/surface-book-3-is-no-longer-supported/,https://cdn.neowin.com/news/images/uploaded/2020/05/1588688129_b3_story.jpg,2025-04-01T19:52:01Z,"If you own a third-generation Surface Book, today is a sad day for you. As of today, the Surface Book 3, both 13 and 15-inch variants, are no longer supported. This unique computer has reached the en… [+2083 chars]",,Neowin
6,tipranks.com,"‘This Is a Big Test,’ Says Investor About Nvidia Stock","Nvidia (NASDAQ:NVDA) isn’t just following the AI trend – it’s driving it. Its explosive revenue growth and expanding margins have been driven by a surge in capital spending from hyperscalers racing to build AI infrastructure.
Yet, despite these strong fundame…",https://biztoc.com/x/418904894f2eb68d,https://biztoc.com/cdn/418904894f2eb68d_s.webp,2025-04-01T19:50:22Z,Nvidia (NASDAQ:NVDA) isnt just following the AI trend its driving it. Its explosive revenue growth and expanding margins have been driven by a surge in capital spending from hyperscalers racing to bu… [+144 chars],,Biztoc.com
7,barrons.com,AI Demand Is Soaring Again. There’s Just 1 Problem—Tariffs,,https://biztoc.com/x/8d50e218f6ba9c33,https://biztoc.com/cdn/8d50e218f6ba9c33_s.webp,2025-04-01T19:50:02Z,"{ window.open(this.href, '_blank'); }, 200); return false;""&gt;Why are natural gas futures bullish? { window.open(this.href, '_blank'); }, 200); return false;""&gt;What challenges are testing Nvidias … [+837 chars]",,Biztoc.com
8,nablags,Show HN: Automating Corporate Governance,"Today, we're breaking the status quo and revolutionizing corporate governance with CeoGPT.CeoGPT is our flagship, 3 quintillion parameter LLM meant to replace the CEOs. Our model has been trained on interviews, books, and tweets from the greatest thinkers and…",https://github.com/tedkim97/ceo-gpt,https://opengraph.githubassets.com/b32c8f802cf3b17258f6bff9e41918192cd189b47f120b9412765fa02ae3ca4c/tedkim97/ceo-gpt,2025-04-01T19:42:28Z,"CeoGPT is our flagship, 3 quintillion parameter LLM meant to replace the CEOs. Our model has been trained on interviews, books, and tweets from the greatest thinkers and leaders such as: Adam Neumann… [+1057 chars]",,Github.com
9,Aaron Mamiit,The Alienware x16 R2 gaming laptop with RTX 4070 is $700 off right now,The Alienware x16 R2 gaming laptop with the Nvidia GeForce RTX 4070 graphics card is on sale from Dell with a $700 discount.,https://www.digitaltrends.com/computing/alienware-x16-r2-gaming-laptop-deal-dell-april-2025/,https://www.digitaltrends.com/wp-content/uploads/2025/03/Alienware-x16-R2-gaming-laptop-with-Evil-Dead.jpg?resize=1200%2C630&p=1,2025-04-01T19:25:00Z,"Gamers who are willing to make a significant investment in gaming laptop deals should be on the lookout for huge savings opportunities, just like this offer from Dell for the Alienware x16 R2 with th… [+1701 chars]",,Digital Trends
10,[SITE DEFAULT AUTHOR NAME],What About GPT-5? OpenAI CEO Warns of Product Delays Amid Surging Demand,"Despite a recent $40 billion cash infusion, 'you should expect new releases from OpenAI to be delayed, stuff to break, and for service to sometimes be slow,' Sam Altman tweets.
Traffic to OpenAI’s ChatGPT has been so high that the company is warning it might …",https://me.pcmag.com/en/ai/29150/what-about-gpt-5-openai-ceo-warns-of-product-delays-amid-surging-demand,https://sm.pcmag.com/t/pcmag_me/news/w/what-about/what-about-gpt-5-openai-ceo-warns-of-product-delays-amid-sur_q8p7.1200.jpg,2025-04-01T19:23:13Z,"Traffic to OpenAIs ChatGPT has been so high that the company is warning it might need to delay future products to accommodate user demand. 
OpenAI is experiencing a surge in traffic after ChatGPT ad… [+1551 chars]",,PCMag.com
11,PCMag UK,What About GPT-5? OpenAI CEO Warns of Product Delays Amid Surging Demand,"Despite a recent $40 billion cash infusion, 'you should expect new releases from OpenAI to be delayed, stuff to break, and for service to sometimes be slow,' Sam Altman tweets.
Traffic to OpenAI’s ChatGPT has been so high that the company is warning it might …",https://uk.pcmag.com/ai/157376/what-about-gpt-5-openai-ceo-warns-of-product-delays-amid-surging-demand,https://sm.pcmag.com/t/pcmag_uk/news/w/what-about/what-about-gpt-5-openai-ceo-warns-of-product-delays-amid-sur_q6tc.1200.jpg,2025-04-01T19:23:13Z,"Traffic to OpenAIs ChatGPT has been so high that the company is warning it might need to delay future products to accommodate user demand. 
OpenAI is experiencing a surge in traffic after ChatGPT ad… [+1551 chars]",,PCMag.com
12,bsaacks@businessinsider.com (Bradley Saacks),Millennium loses money for the second straight month in a turbulent March while smaller funds post returns,"Multistrategy managers have so far outpaced the stock market, which had its worst quarter in years to start 2025.",https://www.businessinsider.com/march-hedge-fund-performance-millennium-schonfeld-2025-4,https://i.insider.com/66603e74cc442a2f676e0d23?width=1200&format=jpeg,2025-04-01T19:21:47Z,"It was another tough month for the biggest multistrategy hedge funds. 
Izzy Englander's Millennium lost 1.2% in March, a person close to the $75 billion hedge fund told Business Insider, bringing it… [+2151 chars]",business-insider,Business Insider
13,Jeremy Hellstrom,"ASUS TUF Gaming GeForce RTX 5070 OC Edition, Their Top Of The Line Card","ASUS TUF Gaming GeForce RTX 5070 OC Edition, Their Top Of The Line Card When compared to the ASUS PRIME series of RTX 5070 the TUF Gaming cards will cost you",https://pcper.com/2025/04/asus-tuf-gaming-geforce-rtx-5070-oc-edition-their-top-of-the-line-card/,https://pcper.com/wp-content/uploads/2025/04/asus-tuf-gaming-geforce-rtx-5070-oc-edition.png,2025-04-01T19:09:40Z,When compared to the ASUS PRIME series of RTX 5070 the TUF Gaming cards will cost you almost $200 more to pick up.  For that extra dosh you will get a card built with what ASUS terms military-grade c… [+899 chars],,PC Perspective
14,charles-p-jefferies,"Lenovo ThinkPad X9 14 Aura Edition Review: Different, but is it Better?","The Lenovo ThinkPad X9 14 Aura Edition has a sleek design, an OLED display, and AI-ready Intel Lunar Lake processors.

<!--more-->
Lenovo ThinkPad X9 14 Aura Edition Overview
The ThinkPad X9 14 is essentially a hybrid ThinkPad, crossing many of the features o…",https://www.storagereview.com/review/lenovo-thinkpad-x9-14-aura-edition-review-different-but-is-it-better,https://www.storagereview.com/wp-content/uploads/2025/03/StorageReview-Lenovo-ThinkPad-X9-14-Aura-11.jpg,2025-04-01T18:59:08Z,"The Lenovo ThinkPad X9 14 Aura Edition has a sleek design, an OLED display, and AI-ready Intel Lunar Lake processors.
Lenovo ThinkPad X9 14 Aura Edition Overview
The ThinkPad X9 14 is essentially a… [+18630 chars]",,Storagereview.com
15,,Risks Digest 34.60,"Posted by RISKS List Owner on Apr 01RISKS-LIST: Risks-Forum Digest Tuesday 1 April 2025 Volume 34 : Issue 60

ACM FORUM ON RISKS TO THE PUBLIC IN COMPUTERS AND RELATED SYSTEMS (comp.risks)
Peter G. Neumann, founder and still moderator

***** See last item for…",https://seclists.org/risks/2025/q2/0,https://seclists.org/images/risks-img.png,2025-04-01T18:47:18Z,"From: RISKS List Owner &lt;risko () csl sri com&gt;Date: Tue, 1 Apr 2025 11:38:45 PDT
RISKS-LIST: Risks-Forum Digest Tuesday 1 April 2025 Volume 34 : Issue 60
ACM FORUM ON RISKS TO THE PUBLIC IN CO… [+30382 chars]",,Seclists.org
16,go.theregister.com,"Nvidia’s AI suite may get a whole lot pricier, thanks to Jensen’s GPU math mistake","Nvidia’s AI suite may get a whole lot pricier, thanks to Jensen’s GPU math mistake
The old naming convention didn't just 'screw up' the NVLink nomenclature - it left money on the table
Comment At its GPU Technology Conference last month, Nvidia broke with con…",https://biztoc.com/x/d19de4ee7d9632c6,https://biztoc.com/cdn/d19de4ee7d9632c6_s.webp,2025-04-01T18:43:32Z,"Nvidias AI suite may get a whole lot pricier, thanks to Jensens GPU math mistakeThe old naming convention didn't just 'screw up' the NVLink nomenclature - it left money on the tableComment At its GPU… [+143 chars]",,Biztoc.com
17,Tobias Mann,"Nvidia’s AI suite may get a whole lot pricier, thanks to Jensen’s GPU math mistake","The old naming convention didn't just 'screw up' the NVLink nomenclature - it left money on the table
Comment At its GPU Technology Conference last month, Nvidia broke with convention by shifting its definition of what counts as a GPU.…",https://www.theregister.com/2025/04/01/nvidia_ai_enterprise_cost/,https://regmedia.co.uk/2023/12/29/nvidia_hgx_h200.jpg,2025-04-01T18:36:18Z,"Comment At its GPU Technology Conference last month, Nvidia broke with convention by shifting its definition of what counts as a GPU.
""One of the things I made a mistake on: Blackwell is really two … [+4064 chars]",,Theregister.com
18,Eric Song,"The Powerful AMD Zen 5 9950X3D, 9900X3D, and 9800X3D Gaming CPUs Are Back in Stock for Now","Gamers should stick with the 9800X3D, creators should splurge on the 9950X3D.",https://www.ign.com/articles/where-to-buy-the-new-amd-ryzen-9950x3d-9900x3d-ryzen-7-9800x3d-gaming-cpus-1,https://assets-prd.ignimgs.com/2025/03/12/amdryzen99950x3d-1741798049073.jpg?width=1280,2025-04-01T18:35:00Z,"If you're thinking of jumping on the AMD bandwagon for your next upgrade, now is certainly the right time to do so. Alongside the Ryzen 7 9800X3D which debuted earlier this year, AMD has just release… [+4804 chars]",ign,IGN
19,Michael Larabel,"Linux Kernel Developments, AMD RX 9070 GIMP 3.0 & Other March Highlights",There were 281 original news articles on Phoronix during the month of March along with another 14 Linux hardware reviews / multi-page featured-length articles and benchmarks. Here is a look back at the most exciting Linux and open-source content over the past…,https://www.phoronix.com/news/March-2025-Highlights,https://www.phoronix.net/image.php?id=2022&image=phoronix_dark_1,2025-04-01T18:34:33Z,There were 281 original news articles on Phoronix during the month of March along with another 14 Linux hardware reviews / multi-page featured-length articles and benchmarks. Here is a look back at t… [+13704 chars],,Phoronix
20,Pierluigi Paganini,Microsoft warns of critical flaw in Canon printer drivers,Microsoft’s offensive security team discovered a critical code execution vulnerability impacting Canon printer drivers.  Researchers at Microsoft’s Offensive Research and Security Engineering (MORSE) team have discovered a critical code execution vulnerabilit…,https://securityaffairs.com/176104/security/microsoft-warns-of-critical-flaw-in-canon-printer-drivers.html,https://securityaffairs.com/wp-content/uploads/2023/07/canon-logo.jpg,2025-04-01T18:32:12Z,"Microsoft warns of critical flaw in Canon printer drivers
 | CrushFTP CVE-2025-2825 flaw actively exploited in the wild
 | Frances antitrust authority fines Apple 150M for issues related to its App… [+152280 chars]",,Securityaffairs.com
21,Tiernan Ray,"Intel's new CEO vows to run chipmaker 'as a startup, on day one'",Incoming chief Lip-Bu Tan says Intel needs to hear 'harsh feedback' from customers in order to correct its mistakes.,https://www.zdnet.com/article/intels-new-ceo-vows-to-run-chipmaker-as-a-startup-on-day-one/,https://www.zdnet.com/a/img/resize/78b218f407613ca15ffb788d21bdcfba253360ff/2025/04/01/6bc009c8-980c-484b-b05d-1f4dc3a4851b/newceo-screenshot-2025-04-01-122400.jpg?auto=webp&fit=crop&height=675&width=1200,2025-04-01T18:28:00Z,"Intel
On Monday, chip giant Intel's new CEO, Lip-Bu Tan -- who took over from outgoing CEO Pat Gelsinger only 15 days earlier -- laid out in broad terms his strategy to return the company to greatne… [+6345 chars]",,ZDNet
22,Jeremy Hellstrom,Intel’s New CEO Lip-Bu Tan Plans To Tweak Their Fab Focus,"While Pat Gelsinger was Intel CEO the company announced a huge change in focus for the company.  His vision of Intel was of a company far more focused on fabrication, but it…",https://pcper.com/2025/04/intels-new-ceo-lip-bu-tan-plans-to-tweak-their-fab-focus/,https://pcper.com/wp-content/uploads/2025/04/intel-bio-headshot-lip-bu-tan.jpg,2025-04-01T18:23:13Z,"While Pat Gelsinger was Intel CEO the company announced a huge change in focus for the company.  His vision of Intel was of a company far more focused on fabrication, but it didn’t focus on fabbing c… [+1298 chars]",,PC Perspective
23,T0@st,(PR) Quantum Machines Announces NVIDIA DGX Quantum Early Access Program,"Quantum Machines (QM), the leading provider of advanced quantum control solutions, has recently announced the NVIDIA DGX Quantum Early Customer Program, with a cohort of six leading research groups and quantum computer builders. NVIDIA DGX Quantum, a referenc…",https://www.techpowerup.com/334928/quantum-machines-announces-nvidia-dgx-quantum-early-access-program,https://www.techpowerup.com/img/pfxcNEdaTekpomdl.jpg,2025-04-01T17:59:29Z,"Quantum Machines (QM), the leading provider of advanced quantum control solutions, has recently announced the NVIDIA DGX Quantum Early Customer Program, with a cohort of six leading research groups a… [+3823 chars]",,Techpowerup.com
24,The Rosen Law Firm PA,"MPWR DEADLINE: ROSEN, SKILLED INVESTOR COUNSEL, Encourages Monolithic Power Systems, Inc. Investors to Secure Counsel Before Important April 7 Deadline in Securities Class Action – MPWR","NEW YORK, April 01, 2025 (GLOBE NEWSWIRE) -- WHY: Rosen Law Firm, a global investor rights law firm, reminds purchasers of common stock of Monolithic Power Systems, Inc. (NASDAQ: MPWR) between February 8, 2024 and November 8, 2024, both dates inclusive (the “…",https://www.globenewswire.com/news-release/2025/04/01/3053729/673/en/MPWR-DEADLINE-ROSEN-SKILLED-INVESTOR-COUNSEL-Encourages-Monolithic-Power-Systems-Inc-Investors-to-Secure-Counsel-Before-Important-April-7-Deadline-in-Securities-Class-Action-MPWR.html,https://ml.globenewswire.com/Resource/Download/745335af-3a3a-4fb5-84c0-fdedc9adf092,2025-04-01T17:54:00Z,"NEW YORK, April 01, 2025 (GLOBE NEWSWIRE) -- 
WHY: Rosen Law Firm, a global investor rights law firm, reminds purchasers of common stock of Monolithic Power Systems, Inc. (NASDAQ: MPWR) between Febr… [+4299 chars]",,GlobeNewswire
25,"Levi & Korsinsky, LLP","Contact Levi & Korsinsky by April 7, 2025 Deadline to Join Class Action Against Monolithic Power Systems Inc. (MPWR)","NEW YORK, April 01, 2025 (GLOBE NEWSWIRE) -- Levi & Korsinsky, LLP notifies investors in Monolithic Power Systems Inc. (""Monolithic"" or the ""Company"") (NASDAQ: MPWR) of a class action securities lawsuit.",https://www.globenewswire.com/news-release/2025/04/01/3053716/3080/en/Contact-Levi-Korsinsky-by-April-7-2025-Deadline-to-Join-Class-Action-Against-Monolithic-Power-Systems-Inc-MPWR.html,https://ml.globenewswire.com/Resource/Download/d91bd4e6-7d18-43f7-a479-4f992242a82a,2025-04-01T17:40:00Z,"NEW YORK, April 01, 2025 (GLOBE NEWSWIRE) -- Levi &amp; Korsinsky, LLP notifies investors in Monolithic Power Systems Inc. (""Monolithic"" or the ""Company"") (NASDAQ: MPWR) of a class action securities … [+2406 chars]",,GlobeNewswire
26,Logan Moore,Mortal Kombat 1 Gets New April Update With Major Balance Changes,"A huge new update for Mortal Kombat 1 has today released across all platforms. As it does every month, NetherRealm has let loose a new patch for MK1 to begin April 2025. In the process, this new update has brought about numerous overhauls to the MK1 meta, spe…",http://comicbook.com/gaming/news/mk1-mortal-kombat-1-update-patch-notes-april-2025/,https://comicbook.com/wp-content/uploads/sites/4/2023/11/3cc9ee7e-262b-4519-a523-d9dce0585117.png?w=1200,2025-04-01T17:37:35Z,"A huge new update for Mortal Kombat 1 has today released across all platforms. As it does every month, NetherRealm has let loose a new patch for MK1 to begin April 2025. In the process, this new upda… [+4669 chars]",,ComicBook.com
27,"Sarah Elk, Contributor, 
 Sarah Elk, Contributor
 https://www.forbes.com/sites/selk/",Three Takeaways On The Future Of AI From The Nvidia Conference,"AI is becoming core enterprise infrastructure, re-architecting how companies compete.",https://www.forbes.com/sites/selk/2025/04/01/three-takeaways-on-the-future-of-ai-from-the-nvidia-conference/,https://imageio.forbes.com/specials-images/imageserve/67ec1e9c6dc909ecd6b3706c/0x0.jpg?format=jpg&height=900&width=1600&fit=bounds,2025-04-01T17:37:33Z,"AI is becoming core enterprise infrastructure, re-architecting how companies compete. 
getty
The Nvidia GPU Technology Conference (GTC) in San Jose this March was electrifying. A few of my colleagu… [+4024 chars]",,Forbes
28,247wallst.com,"Jim Cramer’s Was Absolutely Wrong As Nvidia (NVDA), Microsoft (MSFT) and Tesla (TSLA) Shoot Higher Today","24/7 Wall St. Insights:
 
 
 
 
CNBC host Jim Cramer said it was a “dumb” day to buy stocks, but the stock market and some of the most popular stocks are all moving higher today.
 
 
 
It can be fun to poke fun at the investing guru’s pronouncements, but some…",https://biztoc.com/x/91c45ea3da08a848,https://biztoc.com/cdn/928/og.png,2025-04-01T17:25:48Z,"24/7 Wall St. Insights:
CNBC host Jim Cramer said it was a dumb day to buy stocks, but the stock market and some of the most popular stocks are all moving higher today.
It can be fun to poke fun at… [+132 chars]",,Biztoc.com
29,Mark Hilliard,European and US stocks gain ahead of tariff deadline,UK business minister Jonathan Reynolds hopes any US tariffs can be reversed with new economic partnership,https://www.irishtimes.com/business/2025/04/01/european-and-us-stocks-gain-ahead-of-tariff-deadline/,https://www.irishtimes.com/resizer/v2/V63MK3G6KXIOHCFUMWXSMDVPOA.jpg?smart=true&auth=27ece5b6aa321b70cc0c0ec791002e1c80bee26d49547f6c0c3c08e1b6189f14&width=1200&height=630,2025-04-01T17:23:03Z,"European shares rebounded on Tuesday from a two-month low touched in the previous session, while the market braced for an impending April 2nd deadline for US reciprocal tariffs. US stocks gained, era… [+4335 chars]",the-irish-times,The Irish Times
30,Joshua Goldman,This 2-in-1 Laptop Is My Daily Driver and It's Still Down to Just $349 on Amazon,"Amazon's Spring Sale has ended, but Lenovo's Duet 11 Chromebook is still available at a slight discount.",https://www.cnet.com/deals/this-2-in-1-laptop-is-my-daily-driver-and-its-still-down-to-just-349-on-amazon/,https://www.cnet.com/a/img/resize/d0faf1dea5aaf82b4032887a7150f9027658b420/hub/2024/10/08/5a8ebb32-90cc-4b75-b311-60404903506e/lenovo-chromebook-duet-11-2024-11.jpg?auto=webp&fit=crop&height=675&width=1200,2025-04-01T17:17:00Z,"I've tested countless tablets and laptops over the years. And the device that I turn to more than any other on a daily basis is my Lenovo Duet 11 Chromebook. I regularly commute to work on the train,… [+4707 chars]",,CNET
31,Sayan Sen,"Intel gives Linus Torvalds funny taste of his own language to ""hide disgusting broken turds""","An Intel employee has given a funny response to Linus Torvalds as they clean up the ""disgusted broken turd"" pointed out by Torvalds. Read more...",https://www.neowin.net/news/intel-gives-linus-torvalds-funny-taste-of-his-own-language-to-hide-disgusting-broken-turds/,https://cdn.neowin.com/news/images/uploaded/2018/09/1537147810_1500187704094864457_story.jpg,2025-04-01T17:10:02Z,"Linus Torvalds' famous gesture towards Nvidia (Image via Aalto University)
Today, Intel's Jani Nikula, a Linux Software engineer at the company, responded to Linux boss Linus Torvalds to oblige and … [+2623 chars]",,Neowin
32,,CoreWeave shares soar past IPO price on third trading day,"Artificial intelligence startup CoreWeave's shares closed up 42 per cent at $52.57 on Tuesday, their third day of trading, above their initial public offering price of $40.At close, the company added more than $7 billion to its market value.On Friday, the Nvi…",https://www.channelnewsasia.com/business/coreweave-shares-soar-past-ipo-price-third-trading-day-5038096,"https://dam.mediacorp.sg/image/upload/s--EMDpGURT--/fl_relative,g_south_east,l_mediacorp:cna:watermark:2024-04:reuters_1,w_0.1/f_auto,q_auto/c_fill,g_auto,h_676,w_1200/v1/one-cms/core/2025-04-01t184744z_2_lynxnpel30224_rtroptp_3_coreweave-ipo.jpg?itok=YopJjE2Y",2025-04-01T17:07:43Z,"Artificial intelligence startup CoreWeave's shares closed up 42 per cent at $52.57 on Tuesday, their third day of trading, above their initial public offering price of $40.
At close, the company add… [+1104 chars]",,CNA
33,,CoreWeave rises above IPO price on third trading day,"Artificial intelligence startup CoreWeave's shares were up 17 per cent at $43.50 on their third day of trading on Tuesday, above their initial public offering price of $40.On Friday, the Nvidia-backed stock debuted for trading at $39, giving the AI infrastruc…",https://www.channelnewsasia.com/business/coreweave-rises-above-ipo-price-third-trading-day-5038096,"https://dam.mediacorp.sg/image/upload/s--3BNqMWTH--/fl_relative,g_south_east,l_mediacorp:cna:watermark:2024-04:reuters_1,w_0.1/f_auto,q_auto/c_fill,g_auto,h_676,w_1200/v1/one-cms/core/2025-04-01t170743z_1_lynxnpel30224_rtroptp_3_coreweave-ipo.jpg?itok=6nAt9rTa",2025-04-01T17:07:43Z,"Artificial intelligence startup CoreWeave's shares were up 17 per cent at $43.50 on their third day of trading on Tuesday, above their initial public offering price of $40.
On Friday, the Nvidia-bac… [+518 chars]",,CNA
34,Victor Tangermann,CoreWeave's Stock Now Spiking After Disastrous IPO,"AI hyperscaler CoreWeave's initial public offering was meant to serve as a litmus test for the industry. The firm went public on the stock market this week, becoming the first all-AI startup to have done so. And judging by how the stock has fared so far, the …",https://futurism.com/coreweaves-stock-spiking-disastrous-ipo,https://wordpress-assets.futurism.com/2025/04/coreweaves-stock-spiking-disastrous-ipo.jpg,2025-04-01T17:07:22Z,"AI hyperscaler CoreWeave's initial public offering was meant to serve as a litmus test for the industry. The firm went public on the stock market last week, becoming the first all-AI startup to have … [+2888 chars]",,Futurism
35,investors.com,Nvidia-Backed AI Stock CoreWeave Rebounds To Overtake Downsized IPO Price,"CoreWeave stock gained more than 20% in Tuesday trading, bouncing back after a rough start for the Nvidia-backed AI stock.
The post Nvidia-Backed AI Stock CoreWeave Rebounds To Overtake Downsized IPO Price appeared first on Investor's Business Daily.",https://biztoc.com/x/98ac20e30aa1767f,https://biztoc.com/cdn/928/og.png,2025-04-01T17:04:52Z,"CoreWeave stock gained more than 20% in Tuesday trading, bouncing back after a rough start for the Nvidia-backed AI stock.The post Nvidia-Backed AI Stock CoreWeave Rebounds To Overtake Downsized IPO … [+109 chars]",,Biztoc.com
36,"RYAN DEFFENBAUGH, Investor's Business Daily",Nvidia-Backed AI Stock CoreWeave Rebounds To Overtake Downsized IPO Price,"CoreWeave stock gained more than 20% in Tuesday trading, bouncing back after a rough start for the Nvidia-backed AI stock.",https://www.investors.com/news/technology/coreweave-stock-ai-stock-crwv-news-ipo-nvidia-openai/,https://www.investors.com/wp-content/uploads/2025/04/Stock-coreweave-02-shutt.jpg,2025-04-01T16:59:26Z,"CoreWeave (CRWV) stock bounced back in its second full day of trading on the Nasdaq, with shares gaining as much as 20% to climb above the AI-focused cloud provider's IPO price.
CoreWeave stock was … [+3867 chars]",,Investor's Business Daily
37,andy.chalk@pcgamer.com (Andy Chalk),"Inzoi hotfix stops your zois from dying too young, as long as nothing awful happens to them",The candle that burns twice as bright will no longer burn half as long.,https://www.pcgamer.com/games/life-sim/inzoi-hotfix-stops-your-zois-from-dying-too-young-as-long-as-nothing-awful-happens-to-them/,https://cdn.mos.cms.futurecdn.net/YBCoAF5s2TTom5nvXwq92d-1200-80.jpg,2025-04-01T16:54:10Z,"Remember that brief moment immediately after Inzoi's release when we could turn children into tire pizza? Good times. Krafton quickly patched out that little oversight, but it turns out that David Ca… [+2122 chars]",,PC Gamer
38,Tiernan Ray,Intel's new CEO vows to run chipmaker like a 'day one startup',Incoming chief Lip-Bu Tan says Intel needs to hear 'harsh feedback' from customers in order to correct its mistakes.,https://www.zdnet.com/article/intels-new-ceo-vows-to-run-chipmaker-like-a-day-one-startup/,https://www.zdnet.com/a/img/resize/78b218f407613ca15ffb788d21bdcfba253360ff/2025/04/01/6bc009c8-980c-484b-b05d-1f4dc3a4851b/newceo-screenshot-2025-04-01-122400.jpg?auto=webp&fit=crop&height=675&width=1200,2025-04-01T16:41:11Z,"Intel
On Monday, chip giant Intel's new CEO, Lip-Bu Tan -- who took over from outgoing CEO Pat Gelsinger only 15 days earlier -- laid out in broad terms his strategy to return the company to greatne… [+6346 chars]",,ZDNet
39,businessinsider.com,All about Nvidia GTC and how it evolved into the 'Super Bowl' of the tech industry,"Nvidia's GTC conference has become a central point in the calendar for the ever-expanding AI industry.
Emma Cosgrove
Nvidia GTC is the chipmaker's weeklong developer conference, and it's become the ""Super Bowl"" of AI.
GTC features a keynote from Nvidia CEO Je…",https://biztoc.com/x/0d89aecfbcf8a66d,https://biztoc.com/cdn/0d89aecfbcf8a66d_s.webp,2025-04-01T16:34:57Z,"Nvidia's GTC conference has become a central point in the calendar for the ever-expanding AI industry.Emma CosgroveNvidia GTC is the chipmaker's weeklong developer conference, and it's become the ""Su… [+149 chars]",,Biztoc.com
40,Larry Ramer,Cautious CEO Comments Weigh on Intel (INTC) Stock,"Intel (INTC) is declining 2.5% today, and Schwab Network reporter Caroline Woods noted that the shares may be falling due to cautious comments by the...",https://finance.yahoo.com/news/cautious-ceo-comments-weigh-intel-162952453.html,https://media.zenfs.com/en/insidermonkey.com/9c13b3c4b11dc186d06993e51c453c4a,2025-04-01T16:29:52Z,"Intel (INTC) is declining 2.5% today, and Schwab Network reporter Caroline Woods noted that the shares may be falling due to cautious comments by the chipmaker's new CEO.
Statements by Commerce Secr… [+1556 chars]",,Yahoo Entertainment
41,Frank DeMatteo,CoreWeave sees first day of gains since IPO,Investing.com -- Last week’s broken IPO for CoreWeave Inc (NASDAQ:CRWV) is finding its footing Tuesday.,https://finance.yahoo.com/news/coreweave-sees-first-day-gains-162437127.html,https://s.yimg.com/cv/apiv2/social/images/yahoo_default_logo-1200x1200.png,2025-04-01T16:24:37Z,"Investing.com -- Last weeks broken IPO for CoreWeave Inc (NASDAQ:CRWV) is finding its footing Tuesday.
During its debut on Friday, shares priced weakly, opened lower, and closed flat. The stock then… [+1125 chars]",,Yahoo Entertainment
42,247wallst.com,Price Prediction and Forecast 2025-2030 For April 1,"Shares of NVIDIA Corp. (NASDAQ: NVDA) were mostly flat in a.m. trading on Tuesday, eking out a 0.76% gain. The bump in the stock’s price was mostly insignificant, though, as shareholders have endured a loss of -7.89% over the past five trading sessions, compo…",https://biztoc.com/x/7af71b96fc762c62,https://biztoc.com/cdn/928/og.png,2025-04-01T16:24:13Z,"Shares of NVIDIA Corp. (NASDAQ: NVDA) were mostly flat in a.m. trading on Tuesday, eking out a 0.76% gain. The bump in the stocks price was mostly insignificant, though, as shareholders have endured … [+145 chars]",,Biztoc.com
43,aaltchek@insider.com (Ana Altchek),All about Nvidia GTC and how it evolved into the 'Super Bowl' of the tech industry,Nvidia GTC is an annual conference where the chipmaker shares updates on its computing architecture and hosts panels about AI transformations.,https://www.businessinsider.com/nvidia-gtc,https://i.insider.com/67e1c18c69253ccddf9a2a02?width=1200&format=jpeg,2025-04-01T16:22:57Z,"Nvidia GTC has been referred to as both the ""Woodstock""
 and ""Super Bowl"" of AI.
Nvidia has been hosting GTC, which stands for GPU Technology Conference, since 2009. The company held its first annu… [+4845 chars]",business-insider,Business Insider
44,Bob O'Donnell,New Intel CEO Lip-Bu Tan takes the reins with a familiar but faster plan,"Taking a tech industry titan back to the heights from which it once reigned is no easy task for anyone. Just ask Pat Gelsinger, former CEO and multi-decade veteran of Intel, who was tapped to lead the turnaround the company realized it needed a little over fo…",https://www.techspot.com/news/107369-new-intel-ceo-lip-bu-tan-takes-reins.html,https://www.techspot.com/images2/news/bigimage/2025/04/2025-04-01-image-24.jpg,2025-04-01T16:22:00Z,"Taking a tech industry titan back to the heights from which it once reigned is no easy task for anyone. Just ask Pat Gelsinger, former CEO and multi-decade veteran of Intel, who was tapped to lead th… [+5806 chars]",,TechSpot
45,Kyt Dotson,D-Wave and Japan Tobacco use quantum to build a better AI model for drug discovery,"D-Wave Quantum Inc., a leading quantum computing systems and software company, announced Monday that it partnered with the pharmaceutical division of Japan Tobacco Inc. to build a proof-of-concept artificial intelligence model using quantum technology to enha…",https://siliconangle.com/2025/04/01/d-wave-japan-tobacco-use-quantum-build-better-ai-model-drug-discovery/,https://d15shllkswkct0.cloudfront.net/wp-content/blogs.dir/1/files/2024/10/molecules-1818492_1920.jpg,2025-04-01T16:20:28Z,"D-Wave Quantum Inc., a leading quantum computing systems and software company, announced Monday that it partnered with the pharmaceutical division of Japan Tobacco Inc. to build a proof-of-concept ar… [+5970 chars]",,SiliconANGLE News
46,Ece Yildirim,"Intel will spin off its 'non-core' businesses, new CEO says","Intel (INTC) will spin off some of its non-core businesses, newly minted CEO Lip-Bu Tan said at the company’s Vision 2025 conference in Las Vegas on Monday.Read more...",https://qz.com/intel-will-spin-off-its-non-core-businesses-new-ceo-sa-1851773990,"https://i.kinja-img.com/image/upload/c_fill,h_675,pg_1,q_80,w_1200/65a45e51c5e31e2eaa4950a21cfcf801.jpg",2025-04-01T16:17:30Z,"In This Story
Intel (INTC-2.14%
) will spin off some of its non-core businesses, newly minted CEO Lip-Bu Tan said at the companys Vision 2025 conference in Las Vegas on Monday.
Going forward at In… [+2472 chars]",,Quartz India
47,investors.com,"Magnificent Seven Stocks: Amazon, Google, Tesla Rally; Nvidia Reverses Higher","Dubbed the Magnificent Seven stocks, Apple, Microsoft, Google parent Alphabet, Amazon.com, Nvidia, Meta Platforms and Tesla lived up to their name in 2024 with solid gains. Through the first three months of 2025, however, performance for these mega-cap stocks…",https://biztoc.com/x/4f75708043380346,https://biztoc.com/cdn/4f75708043380346_s.webp,2025-04-01T16:04:23Z,"Dubbed the Magnificent Seven stocks, Apple, Microsoft, Google parent Alphabet, Amazon.com, Nvidia, Meta Platforms and Tesla lived up to their name in 2024 with solid gains. Through the first three mo… [+147 chars]",,Biztoc.com
48,barchart.com,Should You Buy the Dip in Nvidia Stock in April 2025?,"Market Pulse
- VolatilityVolume & Open InterestHorizontal StrategiesButterfly Strategies
-
- ResourcesEuropean FuturesEuropean Groupings
- Forex Market Pulse
- Investing Ideas
- AI Stocks
- Battery Stocks
- Best Dividend Stocks
- Biotechnology Stocks
- Cannab…",https://biztoc.com/x/732eb2e963af4a99,https://biztoc.com/cdn/732eb2e963af4a99_s.webp,2025-04-01T16:03:37Z,Market Pulse- VolatilityVolume &amp; Open InterestHorizontal StrategiesButterfly Strategies-- ResourcesEuropean FuturesEuropean Groupings- Forex Market Pulse- Investing Ideas- AI Stocks- Battery Stoc… [+134 chars],,Biztoc.com
49,cnbc.com,"Here are Tuesday's biggest analyst calls: Nvidia, Apple, Tesla, Ulta, Micron, Amazon, Shake Shack & more","Here are the biggest calls on Wall Street on Tuesday: Bernstein initiates Cameco at outperform Bernstein says the uranium miner is a nuclear beneficiary. ""We initiate coverage on Cameco (CCJ) at Outperform with a $52/sh price target (27% potential upside)."" D…",https://biztoc.com/x/ef18e272dab3030f,https://biztoc.com/cdn/ef18e272dab3030f_s.webp,2025-04-01T16:03:09Z,"Here are the biggest calls on Wall Street on Tuesday: Bernstein initiates Cameco at outperform Bernstein says the uranium miner is a nuclear beneficiary. ""We initiate coverage on Cameco (CCJ) at Outp… [+141 chars]",,Biztoc.com
50,,"Magnificent Seven Stocks: Amazon, Google, Tesla Rally; Nvidia Reverses Higher","Magnificent Seven stocks to watch in April 2025 include Apple, Nvidia and Tesla.",https://www.investors.com/research/magnificent-seven-stocks-april-2025/,https://www.investors.com/wp-content/uploads/2024/03/Stock-nvidia-blackwellchip-01-company.jpg,2025-04-01T15:53:42Z,"Information in Investors Business Daily is for informational and educational purposes only and should not be construed as an offer, recommendation, solicitation, or rating to buy or sell securities. … [+1064 chars]",,Investor's Business Daily
51,andrew-waag,Proxmox vGPU Guide: Your GPU Deserves More Than Just Passthrough,"Learn how to configure Proxmox vGPU for AI, VDI, and rendering with step-by-step setup, testing, and performance insights.

<!--more-->Proxmox Server Solutions recently announced NVIDIA vGPU support for their Virtual Environment (VE) hypervisor, unlocking a w…",https://www.storagereview.com/review/proxmox-vgpu-guide-your-gpu-deserves-more-than-just-passthrough,https://www.storagereview.com/wp-content/uploads/2025/04/StorageReview-NVIDIA-Proxmox-2.jpg,2025-04-01T15:46:44Z,"Learn how to configure Proxmox vGPU for AI, VDI, and rendering with step-by-step setup, testing, and performance insights.
Proxmox Server Solutions recently announced NVIDIA vGPU support for their V… [+13498 chars]",,Storagereview.com
52,Reuters,Investors pour record $11 billion into Europe ETFs to 'Make Europe Great Again',"Investors poured a record $10.6 billion into exchange-traded funds focused on European stocks in the first quarter, seven times the inflows recorded a year earlier, according to data from BlackRock.",https://economictimes.indiatimes.com/markets/stocks/news/investors-pour-record-11-billion-into-europe-etfs-to-make-europe-great-again/articleshow/119874332.cms,"https://img.etimg.com/thumb/msid-119874384,width-1200,height-630,imgsize-142379,overlay-etmarkets/articleshow.jpg",2025-04-01T15:39:32Z,"Investors poured a record $10.6 billion into exchange-traded funds focused on European stocks in the first quarter, seven times the inflows recorded a year earlier, according to data from BlackRock.A… [+2612 chars]",the-times-of-india,The Times of India
53,Jeffrey Parkin,What time does The Last of Us Part 2 Remastered release on PC?,"Almost five years after the initial release and nearly a year after the remastered version hit PS5, The Last of Us Part 2 Remastered is coming to Windows PC this week. The Last of Us Part 2 Remastered release on Steam and the Epic Games Store will have everyt…",https://www.polygon.com/guides/549818/last-of-us-part-2-remastered-pc-release-time-date,"https://platform.polygon.com/wp-content/uploads/sites/2/2025/03/The-Last-of-Us-Part-2-Remastered-PC-2.webp?quality=90&strip=all&crop=0,3.4613147178592,100,93.077370564282",2025-04-01T15:30:28Z,"Almost five years after the initial release and nearly a year after the remastered version hit PS5, The Last of Us Part 2 Remastered is coming to Windows PC this week.

The Last of Us Part 2 Remaster… [+3412 chars]",polygon,Polygon
54,benzinga.com,Industry Comparison: Evaluating NVIDIA Against Competitors In Semiconductors & Semiconductor Equipment Industry,"In today's fast-paced and highly competitive business world, it is crucial for investors and industry followers to conduct comprehensive company evaluations. In this article, we will delve into an extensive industry comparison, evaluating NVIDIA (NASDAQ:NVDA)…",https://biztoc.com/x/87c9f057e817babf,https://biztoc.com/cdn/928/og.png,2025-04-01T15:12:59Z,"In today's fast-paced and highly competitive business world, it is crucial for investors and industry followers to conduct comprehensive company evaluations. In this article, we will delve into an ex… [+143 chars]",,Biztoc.com
55,finance.yahoo.com,Analyst Is Generally Bullish on Nvidia (NVDA) But Sees Challenges,"In This Article:
Wedbush analyst Matt Bryson told CNBC yesterday that he's ""definitely confident"" that Nvidia (NVDA) will meet its guidance, while the company's ""new chips are getting where they need to be.""
On the other hand, he suggested that Microsoft (MSF…",https://biztoc.com/x/b4ef29d4c57e015d,https://biztoc.com/cdn/b4ef29d4c57e015d_s.webp,2025-04-01T15:01:39Z,"In This Article:Wedbush analyst Matt Bryson told CNBC yesterday that he's ""definitely confident"" that Nvidia (NVDA) will meet its guidance, while the company's ""new chips are getting where they need … [+149 chars]",,Biztoc.com
56,,"(DRONE.jp, 3/30)⑥荀梓筝㏍潟 i 帥羌激⒥儀鐚 ...","(DRONE.jp, 3/30)⑥荀梓筝㏍潟 i <ul> <li>
 帥羌激⒥儀鐚ケ帥磧嶝aildrone 緇羌傑≪帥潟ー/a> (NVIDIA, 2023.07.28) 
 <li> A Robotic Navy Sets Sail to Secure the Southern Border (Saildrone, 2/3) 
 </li></li></ul>",http://www.st.ryukoku.ac.jp/~kjm/security/memo/2025/04.html#20250402__saildrone,,2025-04-01T15:00:00Z,"Last modified: Wed Apr 2 18:05:59 2025
 +0900 (JST)
Security Watch 
Security Watch 
 UNIXWindowsMac OS (priority ) 
1 
 1 
[ ]
:
2024 |
2023 |
2022 |
2021 |
2020 |
2019 |
2018 |
2017 … [+14104 chars]",,Ryukoku.ac.jp
57,Brad Bourque,"Best Graphics Cards (GPUs) for PC: Nvidia, AMD, Intel","Looking for a new graphics card? There’s no shortage of options to choose from, but here are the best to buy now.",https://www.wired.com/gallery/best-graphics-cards-gpu/,"https://media.wired.com/photos/67eafa307195c788823e183b/191:100/w_2580,c_limit/Sapphire%20Pulse%20AMD%20Radeon%20RX%207600%20Gaming%20Graphics%20Card%20Abstract%20Background%20032025%20SOURCE%20Amazon.jpg",2025-04-01T15:00:00Z,"Previous-Generation Cards
Normally, Id recommend a previous generation card, but the RTX 40 Series and AMD 7000 cards are almost entirely out of stock or massively marked up at major retailers. Ther… [+3457 chars]",wired,Wired
58,,Analyst Is Generally Bullish on Nvidia (NVDA) But Sees Challenges,,https://consent.yahoo.com/v2/collectConsent?sessionId=1_cc-session_3f34d3ca-a92a-4824-9c9c-fd8e8c290ab5,,2025-04-01T14:40:04Z,"If you click 'Accept all', we and our partners, including 238 who are part of the IAB Transparency &amp; Consent Framework, will also store and/or access information on a device (in other words, use … [+702 chars]",,Yahoo Entertainment
59,spacebanana7,Ask HN: Why hasn't AMD made a viable CUDA alternative?,"I appreciate developing ROCm into something competitive with CUDA would require a lot of work, both internally within AMD and with external contributions to the relevant open source libraries.However the amount of resources at stake is incredible. The delta b…",https://news.ycombinator.com/item?id=43547309,,2025-04-01T14:37:54Z,"There is more than one way to answer this.They have made an alternative to the CUDA language with HIP, which can do most of the things the CUDA language can.
You could say that they haven't released… [+918 chars]",hacker-news,Hacker News
60,jsor@businessinsider.com (Jennifer Sor),It's not just tariffs. 4 other issues are battering stock market sentiment.,"While tariffs are front and center for markets, a handful of other issues is weighing on investor confidence as the second quarter kicks off.",https://www.businessinsider.com/stock-market-correction-trump-tariffs-inflation-ai-stocks-job-market-2025-4,https://i.insider.com/67ebe35669253ccddf9adaa2?width=1200&format=jpeg,2025-04-01T14:35:05Z,"Trump's trade war isn't the only thing that's derailed the stock market in 2025.
While anticipated tariffs have exerted the most pressure in recent weeks, the sell-off has been accelerated by a slew… [+5631 chars]",business-insider,Business Insider
61,finance.yahoo.com,Jim Cramer Warns: “NVIDIA (NVDA) Feels Like Machine Guns on Wall Street!”,"In This Article:
We recently published a list of Jim Cramer Says I’m With Trump & Discusses These 12 Stocks. In this article, we are going to take a look at where NVIDIA Corporation (NASDAQ:NVDA) stands against other stocks that Jim Cramer discusses.
In a rec…",https://biztoc.com/x/5d11493cd5b7e288,https://biztoc.com/cdn/5d11493cd5b7e288_s.webp,2025-04-01T14:30:09Z,"In This Article:We recently published a list of Jim Cramer Says Im With Trump &amp; Discusses These 12 Stocks. In this article, we are going to take a look at where NVIDIA Corporation (NASDAQ:NVDA) s… [+147 chars]",,Biztoc.com
62,T0@st,"NVIDIA GeForce RTX 5090 Laptops Launched on Very Last Day of Q1'25, Reports Suggest Limited Availability","NVIDIA and its laptop/notebook manufacturing partners have just about managed a very last minute launch of GeForce RTX 5090 Mobile, RTX 5080 Mobile, RTX 5070 Ti Mobile GPU-powered devices at retail. According to the latest reports, yesterday's—March 31—small …",https://www.techpowerup.com/334913/nvidia-geforce-rtx-5090-laptops-launched-on-very-last-day-of-q125-reports-suggest-limited-availability,https://www.techpowerup.com/img/C6QsrXXeDYkhReUR.jpg,2025-04-01T14:24:22Z,"NVIDIA and its laptop/notebook manufacturing partners have just about managed a very last minute launch of GeForce RTX 5090 Mobile, RTX 5080 Mobile, RTX 5070 Ti Mobile GPU-powered devices at retail. … [+1757 chars]",,Techpowerup.com
63,Ramish Cheema,Jim Cramer Warns: “NVIDIA (NVDA) Feels Like Machine Guns on Wall Street!”,"We recently published a list of Jim Cramer Says I’m With Trump & Discusses These 12 Stocks. In this article, we are going to take a look at where NVIDIA...",https://finance.yahoo.com/news/jim-cramer-warns-nvidia-nvda-141402420.html,https://media.zenfs.com/en/insidermonkey.com/dc5a2bcb6b4c16a43cb5b4ba98feb139,2025-04-01T14:14:02Z,"We recently published a list of Jim Cramer Says Im With Trump &amp; Discusses These 12 Stocks. In this article, we are going to take a look at where NVIDIA Corporation (NASDAQ:NVDA) stands against ot… [+4184 chars]",,Yahoo Entertainment
64,Pierluigi Paganini,CrushFTP CVE-2025-2825 flaw actively exploited in the wild,"Attackers exploit CrushFTP CVE-2025-2825 flaw, enabling unauthenticated access to unpatched devices using public proof-of-concept code. Threat actors are exploiting a critical authentication bypass vulnerability, tracked as CVE-2025-2825, in the CrushFTP file…",https://securityaffairs.com/176097/hacking/crushftp-cve-2025-2825-flaw-actively-exploited.html,https://securityaffairs.com/wp-content/uploads/2025/04/image-1.png,2025-04-01T14:09:54Z,"CrushFTP CVE-2025-2825 flaw actively exploited in the wild
 | Frances antitrust authority fines Apple 150M for issues related to its App Tracking Transparency
 | Hiding WordPress malware in the mu-… [+152218 chars]",,Securityaffairs.com
65,Eisenstein,"Show HN: Local, automatic, image keywords, captions using metadata for storage",I wanted something that would use a vision capable language model to be able to generate captions and keywords for my image folders without using a cloud or remote API. I didn't want RAG or anything that relied on a database and wouldn't let me move or rename…,https://github.com/jabberjabberjabber/ImageIndexer,https://opengraph.githubassets.com/d7ff475fcbe414a3df5d13ef4dcab321946ff688dcccc499572e52e485ff199f/jabberjabberjabber/ImageIndexer,2025-04-01T14:09:21Z,"LLMII uses a local AI to label metadata and index images. It does not rely on a cloud service or database.
A visual language model runs on your computer and is used to create captions and keywords f… [+4547 chars]",,Github.com
66,benzinga.com,Investor Flags This As 'Big Test' for Nvidia Stock As Jensen Huang-Led Company Loses Over 21% In 2025,"Nvidia Corporation (NASDAQ:NVDA), a major player in the AI industry, is facing a significant market challenge following the public debut of cloud computing firm CoreWeave (NASDAQ:CRWV).
What Happened: An investor known as Bluesea Research has voiced concerns …",https://biztoc.com/x/844a317bcf5f9aed,https://biztoc.com/cdn/844a317bcf5f9aed_s.webp,2025-04-01T14:05:57Z,"Nvidia Corporation (NASDAQ:NVDA), a major player in the AI industry, is facing a significant market challenge following the public debut of cloud computing firm CoreWeave (NASDAQ:CRWV).What Happened:… [+135 chars]",,Biztoc.com
67,c.cale.hunt@gmail.com (Cale Hunt),"NVIDIA's ""most powerful"" RTX 50-Series laptops fail to impress — Here's what I suggest before buying","NVIDIA's RTX 50-series GPUs have entered laptops, and they're now available to buy. However, mobile RTX 5090 performance isn't nearly as high as I was expecting.",https://www.windowscentral.com/hardware/laptops/nvidia-rtx-5090-laptop-performance,https://cdn.mos.cms.futurecdn.net/gjy8QmyJdGVFppeyHVRJPC-1200-80.jpg,2025-04-01T13:44:46Z,"Gaming laptops with NVIDIA's RTX 50-series mobile GPUs officially entered the market on March 28, with options from Acer, ASUS, Dell, HP, Lenovo, MSI, Razer, and more.
Many laptops are ready to ship… [+5148 chars]",,Windows Central
68,businessinsider.com,Jensen Huang and Michael Dell are out of the $100 billion club after a terrible quarter for stocks,"Jensen Huang is CEO of Nvidia.
AP Photo/Nic Coury
The $100 billion club got smaller after a tough three months on the markets.
Michael Dell's net worth fell by $24.5 billion this year, while Jensen Huang is down $19.2 billion.
While some of the superrich lost…",https://biztoc.com/x/42b18746b0c5bb33,https://biztoc.com/cdn/928/og.png,2025-04-01T13:43:15Z,"Jensen Huang is CEO of Nvidia.AP Photo/Nic CouryThe $100 billion club got smaller after a tough three months on the markets.Michael Dell's net worth fell by $24.5 billion this year, while Jensen Huan… [+148 chars]",,Biztoc.com
69,"Thibault Spirlet,Theron Mohamed",Jensen Huang and Michael Dell are out of the $100 billion club after a terrible quarter for stocks,"Jensen Huang, Michael Dell, and Amancio Ortega exited the ranks of the very richest after stocks tumbled in the first quarter, denting their net worth.",https://www.businessinsider.com/jensen-huang-michael-dell-100-billion-club-stock-market-slide-2025-4,https://i.insider.com/67ebd31563d72727e198cbc3?width=1200&format=jpeg,2025-04-01T13:36:58Z,"Jensen Huang is CEO of Nvidia.AP Photo/Nic Coury
<ul><li>The $100 billion club got smaller after a tough three months on the markets.</li><li>Michael Dell's net worth fell by $24.5 billion this year… [+2924 chars]",business-insider,Business Insider
70,Aaron Mamiit,The Alienware Aurora R16 with RTX 4090 is finally on sale again,"The Alienware Aurora R16 gaming PC is finally on sale from Dell again, with this configuration featuring the Nvidia GeForce RTX 4090 graphics card at $400 off.",https://www.digitaltrends.com/computing/alienware-aurora-r16-gaming-laptop-deal-march-2025/,https://www.digitaltrends.com/wp-content/uploads/2023/10/alienware-aurora-r16-review-14.jpg?resize=1200%2C630&p=1,2025-04-01T13:36:53Z,"It’s been several weeks since Dell included the powerful Alienware Aurora R16 in its gaming PC deals, but the wait ends here. This configuration featuring the Nvidia GeForce RTX 4090 graphics card us… [+1964 chars]",,Digital Trends
71,Jacob Ridley,This nearly budget gaming PC build made me realise availability is just as important as affordability when building a cheap machine,A budget part is only as good as its price on the shelf.,https://www.pcgamer.com/hardware/gaming-pcs/this-nearly-budget-gaming-pc-build-made-me-realise-availability-is-just-as-important-as-affordability-when-building-a-cheap-machine/,https://cdn.mos.cms.futurecdn.net/X35YkZgSiBkfyWc58bpvjn-1200-80.jpg,2025-04-01T13:20:10Z,"There have been some excellent budget PC parts released over the past couple of years. I'm not just talking about budget graphics cards, though we do finally have one of those, I'm also talking about… [+9913 chars]",,PC Gamer
72,dimitsev,Brightness flickering and thin horizontal stripes in Ubuntu 24.04 LTS,"On Ubuntu Desktop 24.04.2 LTS, my secondary screen's brightness flickers intensely at several Hertz. When that happens, there are also 100 thin, horizontal stripes superimposed on the image. (Honestly, idgaf about the stripes, just make the flickering stop...…",https://askubuntu.com/questions/1544931/brightness-flickering-and-thin-horizontal-stripes-in-ubuntu-24-04-lts,https://cdn.sstatic.net/Sites/askubuntu/Img/apple-touch-icon@2.png?v=c492c9229955,2025-04-01T13:18:47Z,"On Ubuntu Desktop 24.04.2 LTS, my secondary screen's brightness flickers intensely at several Hertz. When that happens, there are also 100 thin, horizontal stripes superimposed on the image. (Honestl… [+148 chars]",,Askubuntu.com
73,Soumya Eswaran,Sands Capital Select Growth Fund Sold Edwards Lifesciences Corporation (EW) For Better Opportunities,"Sands Capital, an investment management company, released its “Sands Capital Select Growth Fund” Q4 2024 investor letter. A copy of the same can be...",https://finance.yahoo.com/news/sands-capital-select-growth-fund-131821494.html,https://media.zenfs.com/en/insidermonkey.com/15397c90bc4c8a119b1941c60110e9a5,2025-04-01T13:18:21Z,"Sands Capital, an investment management company, released its Sands Capital Select Growth Fund Q4 2024 investor letter. A copy of the same can be downloaded here. Select Growth primarily targets U.S.… [+2727 chars]",,Yahoo Entertainment
74,Hassam Nasir,Retailer clarifies RTX 5090 'B-stock' listing with missing ROPs was a system error,"The above-MSRP ""B-stock"" RTX 5090 with missing ROPs that popped up on Alternate's web store a few days back was accidental and due to a system error.",https://www.tomshardware.com/pc-components/gpus/retailer-clarifies-rtx-5090-b-stock-listing-with-missing-rops-was-a-system-error,https://cdn.mos.cms.futurecdn.net/Ws3sVVcYLVhgyjT8RmwAUg-1200-80.jpg,2025-04-01T13:13:17Z,"German tech retailer Alternate has explained a controversial recent listing on its website for an RTX 5090 with missing ROPs. On the site it was classified as ""B-stock"" that, despite the apparent def… [+2940 chars]",,Tom's Hardware UK
75,Nauman khan,Morgan Stanley: Upcoming AI Conferences May Serve as a Catalyst for Tech Stocks,Tech Stocks Brace for Catalyst Events Amid AI Spending Concerns,https://finance.yahoo.com/news/morgan-stanley-upcoming-ai-conferences-131110586.html,https://media.zenfs.com/en/us.finance.gurufocus/ddef5d496e391f2aa87edf11fd2cbfd2,2025-04-01T13:11:10Z,April 1 - Investors' growing concerns over the sustainability of the artificial intelligence spending boom have weighed on tech stocks as the new year begins. Stocks such as Nvidia (NASDAQ:NVDA) have… [+1114 chars],,Yahoo Entertainment
76,,"Cerebras Systems, Ranovus win $45 million US military deal to speed up chip connections","SAN FRANCISCO : Cerebras Systems, a Silicon Valley-based AI chip company, and Canadian chip startup Ranovus said on Tuesday that they had been awarded a $45 million contract from the U.S. military to speed up connections between computing chips.Cerebras, whic…",https://www.channelnewsasia.com/business/cerebras-systems-ranovus-win-45-million-us-military-deal-speed-up-chip-connections-5037666,"https://dam.mediacorp.sg/image/upload/s--gGOxRcFD--/fl_relative,g_south_east,l_mediacorp:cna:watermark:2024-04:reuters_1,w_0.1/f_auto,q_auto/c_fill,g_auto,h_676,w_1200/v1/one-cms/core/2025-04-01t130800z_1_lynxnpel301ro_rtroptp_3_nvidia-malaysia.jpg?itok=EvzviGkK",2025-04-01T13:08:00Z,"SAN FRANCISCO : Cerebras Systems, a Silicon Valley-based AI chip company, and Canadian chip startup Ranovus said on Tuesday that they had been awarded a $45 million contract from the U.S. military to… [+1825 chars]",,CNA
77,Craig Hale,"New Intel CEO says company will spin off non-Core units, tells customers to ""be brutally honest with us""","Lip-Bu Tan reveals plans to point Intel back in the right direction, including spinning off non-core assets.",https://www.techradar.com/pro/new-intel-ceo-says-company-will-spin-off-non-core-units-tells-customers-to-be-brutally-honest-with-us,https://cdn.mos.cms.futurecdn.net/8zcrXFmwqGhotbwYirbJee-1200-80.jpg,2025-04-01T13:04:00Z,<ul><li>Intel CEO Lip-Bu Tan discusses the company’s future at its Vision conference</li><li>Spinning off non-core assets and adding more engineers are a priority</li><li>Tan wants to listen to custo… [+1942 chars],techradar,TechRadar
78,worldsavior,Show HN: Kai Scheduler – K8s scheduler optimizing GPU for AI,"Article URL: https://github.com/NVIDIA/KAI-Scheduler
Comments URL: https://news.ycombinator.com/item?id=43546270
Points: 1
# Comments: 0",https://github.com/NVIDIA/KAI-Scheduler,https://opengraph.githubassets.com/789bae0e1275138b9686a87f60b429d77b97a25359d70fd7552b63910b38ad06/NVIDIA/KAI-Scheduler,2025-04-01T12:59:31Z,"KAI Scheduler is a robust, efficient, and scalable Kubernetes scheduler that optimizes GPU resource allocation for AI and machine learning workloads.
Designed to manage large-scale GPU clusters, inc… [+2897 chars]",,Github.com
79,Soumya Eswaran,DexCom (DXCM) Slid on Poor Execution and GLP-1 Drug Disruption Concerns,"Sands Capital, an investment management company, released its “Sands Capital Select Growth Fund” Q4 2024 investor letter. A copy of the same can be...",https://finance.yahoo.com/news/dexcom-dxcm-slid-poor-execution-125913782.html,https://media.zenfs.com/en/insidermonkey.com/4c71d627871fc30b6a1611f138bf86ef,2025-04-01T12:59:13Z,"Sands Capital, an investment management company, released its Sands Capital Select Growth Fund Q4 2024 investor letter. A copy of the same can be downloaded here. Select Growth primarily targets U.S.… [+2156 chars]",,Yahoo Entertainment
80,"Siladitya Ray, Forbes Staff, 
 Siladitya Ray, Forbes Staff
 https://www.forbes.com/sites/siladityaray/",What To Know About The Switch 2 As Nintendo Readies Its First Console Launch In 8 Years,"The Mario-maker offered a sneak peek of its highly anticipated new console in January after a series of leaks, but the official detailed unveiling is set to take place Wednesday.",https://www.forbes.com/sites/siladityaray/2025/04/01/what-to-know-about-the-switch-2-as-nintendo-readies-its-first-console-launch-in-8-years/,"https://imageio.forbes.com/specials-images/imageserve/67ebe2b1c8a5b28326757c06/0x0.jpg?format=jpg&crop=1675,942,x0,y86,safe&height=900&width=1600&fit=bounds",2025-04-01T12:59:00Z,"Nintendo will give a first detailed look at the highly anticipated successor to its best-selling video game console of all timethe Switch 2on Wednesday, as the gaming industry braces for what could b… [+5279 chars]",,Forbes
81,,Navigating the Hybrid Work Dilemma,"Many organizational leaders believe remote work is here to stay. Others are requiring employees return to the workplace. But Prithriwaj “Raj” Choudhury, an associate professor at Harvard Business School, says it’s not a simple managerial choice between two op…",https://hbr.org/podcast/2025/04/navigating-the-hybrid-work-dilemma,https://hbr.org/resources/images/article_assets/2025/02/wide-ideacast_25.png,2025-04-01T12:52:54Z,"CURT NICKISCH: Welcome to the HBR IdeaCast from Harvard Business Review. I’m Curt Nickisch.
Remote work, especially hybrid work, exploded far and wide during the COVID-19 pandemic. In the past five … [+26245 chars]",,Harvard Business Review
82,Soumya Eswaran,What Makes Axon Enterprise (AXON) an Attractive Bet?,"Sands Capital, an investment management company, released its “Sands Capital Select Growth Fund” Q4 2024 investor letter. A copy of the same can be...",https://finance.yahoo.com/news/makes-axon-enterprise-axon-attractive-124917705.html,https://media.zenfs.com/en/insidermonkey.com/4d4a733e28e75e6d5e11be43199f33a1,2025-04-01T12:49:17Z,"Sands Capital, an investment management company, released its Sands Capital Select Growth Fund Q4 2024 investor letter. A copy of the same can be downloaded here. Select Growth primarily targets U.S.… [+3810 chars]",,Yahoo Entertainment
83,Soumya Eswaran,Sands Capital Select Growth Fund’s Investment Thesis for Roblox Corporation (RBLX),"Sands Capital, an investment management company, released its “Sands Capital Select Growth Fund” Q4 2024 investor letter. A copy of the same can be...",https://finance.yahoo.com/news/sands-capital-select-growth-fund-123326503.html,https://media.zenfs.com/en/insidermonkey.com/83c11f730bf382660bec748c969058b9,2025-04-01T12:33:26Z,"Sands Capital, an investment management company, released its Sands Capital Select Growth Fund Q4 2024 investor letter. A copy of the same can be downloaded here. Select Growth primarily targets U.S.… [+2611 chars]",,Yahoo Entertainment
84,Barry Ritholtz,Transcript: Michael Lewis on ‘Who is Government’,"﻿       The transcript from this week’s, MiB: Michael Lewis on ‘Who is Government’, is below. You can stream and download our full conversation, including any podcast extras, on Apple Podcasts, Spotify, YouTube, and Bloomberg. All of our earlier podcasts on y…",https://ritholtz.com/2025/04/transcript-michael-lewis-whoisgovt/,https://ritholtz.com/wp-content/uploads/2023/02/Mib-tile.png,2025-04-01T12:30:37Z,"The transcript from this weeks, MiB: Michael Lewis on ‘Who is Government’, is below.
You can stream and download our full conversation, including any podcast extras, on Apple Podcasts, Spotify, YouT… [+68152 chars]",,Ritholtz.com
85,Jeremy Laird,"Same plan, different CEO: Intel's Lip-Bu Tan laments 'past mistakes' while promising a brighter 'engineering focused' future",Show me the innovation!,https://www.pcgamer.com/hardware/processors/same-plan-different-ceo-intels-lip-bu-tan-laments-past-mistakes-while-promising-a-brighter-engineering-focused-future/,https://cdn.mos.cms.futurecdn.net/gywvJokCYFrGaCdJJFwopR-1200-80.png,2025-04-01T12:30:21Z,"Intel's new CEO, Lip-Bu Tan, leant heavily into the company's failures in his debut keynote performance at the Intel Vision 2025 event, yesterday. He also promised that the future would be brighter t… [+4397 chars]",,PC Gamer
86,Soumya Eswaran,Here’s Why JDP Capital Management is Excited About ENDI Corp (ENDI),"JDP Capital Management, an investment management company, released its fourth quarter 2024 investor letter. A copy of the letter can be downloaded here. 2024...",https://finance.yahoo.com/news/why-jdp-capital-management-excited-122620952.html,https://media.zenfs.com/en/insidermonkey.com/ff3f682c4ace80e1c2141baa36353dd0,2025-04-01T12:26:20Z,"JDP Capital Management, an investment management company, released its fourth quarter 2024 investor letter. A copy of the letter can be downloaded here. 2024 proved to be an excellent year for the ma… [+2005 chars]",,Yahoo Entertainment
87,finance.yahoo.com,"Tesla, Nvidia, CoreWeave, Calvin Klein parent PVH, XPeng: Stocks to watch today","In This Article:
Stock futures fell premarket on Tuesday ahead of President Donald Trump’s tariff announcement on Wednesday. Measures tied to the S&P 500, Nasdaq 100 and and the Dow Jones industrial average all signaled a slightly lower open as of 7:37 a.m.
I…",https://biztoc.com/x/c10ca1feb7b736fc,https://biztoc.com/cdn/c10ca1feb7b736fc_s.webp,2025-04-01T12:25:42Z,"In This Article:Stock futures fell premarket on Tuesday ahead of President Donald Trumps tariff announcement on Wednesday. Measures tied to the S&amp;P 500, Nasdaq 100 and and the Dow Jones industria… [+150 chars]",,Biztoc.com
88,finance.yahoo.com,"Meet the Hard Asset That's Bigger Than Apple, Nvidia, and Microsoft Combined. One Wall Street Strategist Thinks It Could Hit a $40 Trillion Market Cap","In This Article:
Shares of Apple, Nvidia, and Microsoft have exploded in recent years, as investors poured money into stocks that were best positioned to take advantage of the rise in artificial intelligence (AI). These three stocks grew so popular that their…",https://biztoc.com/x/af0c6689904224fc,https://biztoc.com/cdn/af0c6689904224fc_s.webp,2025-04-01T12:25:39Z,"In This Article:Shares of Apple, Nvidia, and Microsoft have exploded in recent years, as investors poured money into stocks that were best positioned to take advantage of the rise in artificial intel… [+138 chars]",,Biztoc.com
89,investors.com,Dow Jones Futures Fall Ahead Of Imminent Trump Tariffs; Newsmax IPO Surges,"The Dow Jones Industrial Average and other major stock indexes dropped Tuesday, as Wall Street braced for President Donald Trump's tariffs to go into effect Wednesday. Early movers included Newsmax (NMAX), Nvidia (NVDA) and Tesla (TSLA) on the stock market to…",https://biztoc.com/x/aed813eefe364ac1,https://biztoc.com/cdn/aed813eefe364ac1_s.webp,2025-04-01T12:25:34Z,"The Dow Jones Industrial Average and other major stock indexes dropped Tuesday, as Wall Street braced for President Donald Trump's tariffs to go into effect Wednesday. Early movers included Newsmax (… [+148 chars]",,Biztoc.com
90,,"Tesla, Nvidia, CoreWeave, Calvin Klein parent PVH, XPeng: Stocks to watch today",,https://consent.yahoo.com/v2/collectConsent?sessionId=1_cc-session_cd2a536d-1fef-4809-9dcd-d8921ef43197,,2025-04-01T12:10:39Z,"If you click 'Accept all', we and our partners, including 238 who are part of the IAB Transparency &amp; Consent Framework, will also store and/or access information on a device (in other words, use … [+702 chars]",,Yahoo Entertainment
91,,"Meet the Hard Asset That's Bigger Than Apple, Nvidia, and Microsoft Combined. One Wall Street Strategist Thinks It Could Hit a $40 Trillion Market Cap.",,https://consent.yahoo.com/v2/collectConsent?sessionId=1_cc-session_373c59a7-60bd-401b-acae-5605bb90ee4b,,2025-04-01T12:05:00Z,"If you click 'Accept all', we and our partners, including 238 who are part of the IAB Transparency &amp; Consent Framework, will also store and/or access information on a device (in other words, use … [+702 chars]",,Yahoo Entertainment
92,Soumya Eswaran,Here are JDP Capital Management’s Views on Tesla (TSLA),"JDP Capital Management, an investment management company, released its fourth quarter 2024 investor letter. A copy of the letter can be downloaded here. 2024...",https://finance.yahoo.com/news/jdp-capital-management-views-tesla-120447927.html,https://media.zenfs.com/en/insidermonkey.com/2f1bf47b64f185ad29af8e89f576d5c3,2025-04-01T12:04:47Z,"JDP Capital Management, an investment management company, released its fourth quarter 2024 investor letter. A copy of the letter can be downloaded here. 2024 proved to be an excellent year for the ma… [+2059 chars]",,Yahoo Entertainment
93,James Bentley,Inzoi and The First Berserker Khazan devs suggest ditching the latest Nvidia drivers if you're running an RTX 40-series graphics card,RTX 50-series can still update their drivers though.,https://www.pcgamer.com/hardware/graphics-cards/inzoi-and-the-first-beserker-khazan-devs-suggest-ditching-the-latest-nvidia-drivers-if-youre-running-an-rtx-40-series-graphics-card/,https://cdn.mos.cms.futurecdn.net/CxFEfnvv7DFrtbwBj83YQ8-1200-80.png,2025-04-01T12:04:27Z,"If you aren't one of the lucky customers to get their hands on RTX 50-series graphics card, and are stuck with something older, some popular game developers are warning against updating to the latest… [+2534 chars]",,PC Gamer
94,Soumya Eswaran,Spotify (SPOT) Rose 148% in 2024,"JDP Capital Management, an investment management company, released its fourth quarter 2024 investor letter. A copy of the letter can be downloaded here. 2024...",https://finance.yahoo.com/news/spotify-spot-rose-148-2024-120038786.html,https://media.zenfs.com/en/insidermonkey.com/2825e93123661ee897128b3440ef7e2b,2025-04-01T12:00:38Z,"JDP Capital Management, an investment management company, released its fourth quarter 2024 investor letter. A copy of the letter can be downloaded here. 2024 proved to be an excellent year for the ma… [+2266 chars]",,Yahoo Entertainment
95,Tanveer Singh,High-end gaming doesn't need high-end GPUs anymore,Mid-range cards are now offering a high-end gaming experience,https://www.xda-developers.com/high-end-gaming-doesnt-need-high-end-gpu/,https://static1.xdaimages.com/wordpress/wp-content/uploads/wm/2025/03/rtx-5090-connector.jpg,2025-04-01T12:00:38Z,"I'd be lying if I said I never wished to have an RTX 4090 (or a 4080 Super) in my gaming PC. In fact, I was sure I'd upgrade from my RTX 3080 to the RTX 5080 this year, but that dream stands ruined f… [+9779 chars]",,XDA Developers
96,Dashia Milden,"70% of Gen Z and Millennial Gamers Are Ready to Purchase a Switch 2, CNET Survey Finds",Gen Z gamers spend nearly $700 a year on new games and subscriptions. And they're looking forward to the new Switch model the most.,https://www.cnet.com/tech/gaming/nintendo-switch-2-survey/,https://www.cnet.com/a/img/resize/67e67c30f14280c860b08963c6ca4a5a704ba5bd/hub/2025/03/31/3009bd63-31a1-4dec-aed5-4b63b3fe7408/switch2.png?auto=webp&fit=crop&height=675&width=1200,2025-04-01T12:00:00Z,"The time has finally come for a new Nintendo console. Eight years after the launch of the original Nintendo Switch, the storied gaming company will release details on its highly anticipated successor… [+10000 chars]",,CNET
97,investors.com,"Nvidia, Other Techs Hurt Dow Jones, But These Names Outperformed In Q1","Since it joined the Dow industrials on Nov. 7, Nvidia stock is down nearly 30%.
The post Nvidia, Other Techs Hurt Dow Jones, But These Names Outperformed In Q1 appeared first on Investor's Business Daily.",https://biztoc.com/x/a5e24545fd302de7,https://biztoc.com/cdn/928/og.png,2025-04-01T11:51:40Z,"Since it joined the Dow industrials on Nov. 7, Nvidia stock is down nearly 30%.The post Nvidia, Other Techs Hurt Dow Jones, But These Names Outperformed In Q1 appeared first on Investor's Business Da… [+63 chars]",,Biztoc.com
98,Stefan Mileschin,AMD cosies up to Rapt AI to claw into Nvidias turf,"Underdog chipmaker AMD is teaming up with Rapt AI in a strategic move to boost performance on its Instinct GPU lineup and tackle the AI infrastructure headaches that have plagued would-be innovators.

https://fudzilla.com/news/60787-amd-cosies-up-to-rapt-ai-t…",http://www.madshrimps.be/news/item/238136,,2025-04-01T11:51:04Z,"Copyright © 2001-2011 Madshrimps, All rights reserved.Graphic Design by Dennis Kestelle, Programming by Maarten Menten,
Overall Site design by John Meys
All information and graphics contained in Ma… [+135 chars]",,Madshrimps.be
99,benzinga.com,5 Stock Picks Last Month From Wall Street's Most Accurate Analysts,"U.S. stocks settled mixed on Monday, with the Dow Jones index gaining more than 400 points during the session as investors assessed President Donald Trump's tariff plans. However, the Nasdaq settled lower on Monday as shares of Nvidia Corp. (NASDAQ:NVDA) fell…",https://biztoc.com/x/d0c0ae04511205d0,https://biztoc.com/cdn/d0c0ae04511205d0_s.webp,2025-04-01T11:40:40Z,"U.S. stocks settled mixed on Monday, with the Dow Jones index gaining more than 400 points during the session as investors assessed President Donald Trump's tariff plans. However, the Nasdaq settled … [+138 chars]",,Biztoc.com
